{
  "name": "emailSender",
  "description" : "Отправка писем",
  "common": "reference",
  "fields": {
    "ID": {
      "type": "uuid",
      "isPrimary": true,
      "readonly": true
    },
    "description": {
      "type": "string",
      "required": true,
      "title": "Тема письма"
    },
    "date": {
      "type": "timestamp",
      "title": "Дата отправки"
    },
    "to": {
      "type": "string",
      "required": true,
      "title": "Адрес получателя"
    },
    "from": {
      "type": "string",
      "required": true,
      "title": "Адрес отправителя"
    },
    "body": {
      "type": "string",
      "required": true,
      "title": "Письмо"
    },
    "sended":{
      "type": "boolean",
      "title": "Отправлено"
    }
  }
}