{
  "name": "maker",
  "description" : "Производитель",
  "common": "reference",
  "fields": {
    "ID": {
      "type": "uuid",
      "isPrimary": true,
      "readonly": true
    },
    "description": {
      "type": "string",
      "required": true,
      "title": "Название"
    },
    "country": {
      "type": "string",
      "required": false,
      "title": "Страна"
    },
    "address": {
      "type": "string",
      "required": false,
      "title": "Адрес"
    }
  }
}