{
  "name": "organization_contacts",
  "description" : "Контакты организации",
  "common": "reference",
  "fields": {
    "ID": {
      "type": "uuid",
      "isPrimary": true,
      "readonly": true
    },
    "description": {
      "type": "string",
      "required": true,
      "title": "ФИО"
    },
    "email": {
      "type": "string",
      "required": true,
      "title": "Электронная почта"
    },
    "phone": {
      "type": "string",
      "required": true,
      "title": "Телефон"
    },
    "organization": {
      "type": "ref",
      "ref": "organization",
      "title": "Организация"
    }
  }
}