{
  "name": "query",
  "description" : "Заявка",
  "common": "reference",
  "fields": {
    "ID": {
      "type": "uuid",
      "isPrimary": true,
      "readonly": true
    },
    "initiator":{
      "type": "link",
      "link": "initiator",
      "title": "Создатель заявки"
    },
    "description": {
      "type": "string",
      "required": true,
      "title": "Описание"
    },
    "date": {
      "type": "date",
      "required": false,
      "title": "Дата создания"
    },
    "organization":{
      "type": "link",
      "link": "organization",
      "title": "Организация"
    },
    "subdivision":{
      "type": "link",
      "link": "subdivision",
      "title": "Подразделение"
    },
    "stock":{
      "type":"link",
      "link": "stock",
      "title":"Склад"
    },
    "outlayDocumentID":{
      "type":"link",
      "link": "outlayDocument",
      "title":"Смета"
    },
    "urgency":{
      "type":"link",
      "link": "urgency",
      "title":"Срочность"
    },
    "timeMarker":{
      "type":"date",
      "title":"Срок"
    },
    "workOut":{
      "type":"boolean",
      "title":"In work"
    }
  },
  "methods":{
    "active": {
      "description" : "Запускает заявку на обработку",
      "type": "text",
      "parameters":[
        {
          "name": "filter",
          "type": "object",
          "description": "Фильтр на выборку записей из хранилища"
        },
        {
          "description": "Информация о связи объектов (для восстановления взаимосвязи полей в списках fields и filter)",
          "name": "objInfo",
          "type": "object"
        }
      ]
    },
    "deactive": {
      "description" : "Деактивирует заявку",
      "type": "text",
      "parameters":[
        {
          "name": "filter",
          "type": "object",
          "description": "Фильтр на выборку записей из хранилища"
        },
        {
          "description": "Информация о связи объектов (для восстановления взаимосвязи полей в списках fields и filter)",
          "name": "objInfo",
          "type": "object"
        }
      ]
    }
  }
}