{
  "name": "query_position",
  "description" : "Позиции заявки",
  "common": "reference",
  "fields": {
    "ID": {
      "type": "uuid",
      "isPrimary": true,
      "readonly": true
    },
    "queryID": {
      "type": "ref",
      "ref": "query"
    },
    "description": {
      "type": "string",
      "title": "Название"
    },
    "commentary": {
      "type": "string",
      "required": false,
      "title": "Комментарии к заявке"
    },
    "tz": {
      "type": "string",
      "required": false,
      "title": "Техзадание"
    },
    "nomGroup": {
      "type": "link",
      "link": "product",
      "title": "Номенклатурная группа"
    },
    "productID": {
      "type": "link",
      "link": "product",
      "required": false,
      "title": "Товарная единица"
    },
    "quantity":{
      "type": "integer",
      "title": "Количество"
    },
    "stage":{
      "type": "string",
      "title": "Текущий этап"
    },
    "accepted":{
      "type": "boolean",
      "title": "Принято/отказано"
    },
    "workOut": {
      "type": "boolean",
      "title":"В работе"
    }
  }
}