{
  "name": "stages_nomControl",
  "description" : "Этап номенклатурного контроля",
  "common": "stage",
  "fields": {
    "ID": {
      "type": "uuid",
      "isPrimary": true
    },
    "description": {
      "type": "string",
      "title": "Название"
    },
    "commentary": {
      "type": "string",
      "title": "Комментарий"
    },
    "tz":{
      "type": "string",
      "title": "Техзадание"
    },
    "positionID": {
      "type": "link",
      "link": "query_position",
      "required": false,
      "title": "Позиции"
    },
    "nomenclatureID":{
      "type": "link",
      "link": "product",
      "title": "Номенклатура"
    },
    "quantity": {
      "type": "integer",
      "title": "Количество"
    }
  }
}