{
  "name": "stages_tzPreparation",
  "description" : "Этап подготовки ТЗ",
  "common": "stage",
  "fields": {
    "ID": {
      "type": "uuid",
      "isPrimary": true
    },
    "description": {
      "type": "string",
      "title": "Название"
    },
    "commentary": {
      "type": "string",
      "title": "Комментарий"
    },
    "positionID": {
      "type": "link",
      "link": "query_position",
      "required": false,
      "title": "Позиции"
    },
    "nomGroup":{
      "type": "link",
      "link": "product",
      "title": "Номенклатурная группа"
    },
    "tz":{
      "type": "string",
      "title": "Техзадание"
    },
    "tzComplete":{
      "type": "string",
      "title": "Окончательное техзадание"
    }
  }
}