{
  "name": "stages_procurementCommission_votes",
  "description" : "Голосование",
  "common": "reference",
  "fields": {
    "ID": {
      "type": "uuid",
      "isPrimary": true,
      "readonly": true
    },
    "procurementCommission": {
      "type": "ref",
      "ref": "stages_procurementCommission"
    },
    "description": {
      "type": "string",
      "title": "Название"
    },
    "supplier": {
      "type": "link",
      "link": "supplier",
      "title": "Поставщик"
    },
    "commentary": {
      "type": "string",
      "required": false,
      "title": "Комментарии к заявке"
    },
    "maker": {
      "type": "string",
      "required": false,
      "title": "Производитель"
    },
    "price": {
      "type": "integer",
      "required": false,
      "title": "Цена"
    },
    "deliveryTime": {
      "type": "integer",
      "required": false,
      "title": "Срок доставки"
    },
    "vote": {
      "type": "boolean",
      "required": false,
      "title": "Голос"
    }
  },
  "methods": {
    "chVote": {
      "description": "Голос председателя ЗК",
      "type": "text",
      "parameters":[
        {
          "name": "filter",
          "type": "object",
          "description": "Фильтр"
        },
        {
          "description": "Информация о связи объектов",
          "name": "objInfo",
          "type": "object"
        }
      ]
    }
  }
}