{
  "name": "stages_initialOffer_offers",
  "description" : "Первичные предложения",
  "common": "reference",
  "fields": {
    "ID": {
      "type": "uuid",
      "isPrimary": true,
      "readonly": true
    },
    "initialOfferID": {
      "type": "ref",
      "ref": "stages_initialOffer"
    },
    "description": {
      "type": "string",
      "title": "Название"
    },
    "supplier": {
      "type": "link",
      "link": "supplier",
      "title": "Поставщик"
    },
    "commentary": {
      "type": "string",
      "required": false,
      "title": "Комментарии к заявке"
    },
    "price": {
      "type": "integer",
      "required": false,
      "title": "Цена"
    },
    "deliveryTime": {
      "type": "integer",
      "required": false,
      "title": "Срок доставки"
    }
  }
}