{
  "name": "stages_supSelection_suppliers",
  "description" : "Поставщики для позиции",
  "common": "reference",
  "fields": {
    "ID": {
      "type": "uuid",
      "isPrimary": true,
      "readonly": true
    },
    "supSelectionID": {
      "type": "ref",
      "ref": "stages_supSelection"
    },
    "description": {
      "type": "string",
      "title": "Название"
    },
    "supplier": {
      "type": "link",
      "link": "supplier",
      "title": "Поставщик"
    },
    "commentary": {
      "type": "string",
      "required": false,
      "title": "Комментарии к заявке"
    },
    "price": {
      "type": "integer",
      "required": false,
      "title": "Цена"
    },
    "deliveryTime": {
      "type": "integer",
      "required": false,
      "title": "Срок доставки"
    }
  }
}