{
  "name": "stages_warehouseControl",
  "description" : "Этап складского контроля",
  "common": "stage",
  "fields": {
    "ID": {
      "type": "uuid",
      "isPrimary": true
    },
    "description": {
      "type": "string",
      "title": "Название"
    },
    "commentary": {
      "type": "string",
      "title": "Комментарий"
    },
    "positionID": {
      "type": "link",
      "link": "query_position",
      "required": false,
      "title": "Позиции"
    },
    "productID":{
      "type": "link",
      "link": "product",
      "title": "Номенклатура"
    },
    "inStock": {
      "type": "boolean",
      "title": "В наличии или нет"
    }
  }
}