{
  "name": "stages_billRequest",
  "description" : "Этап  запроса счетов",
  "common": "stage",
  "fields": {
    "ID": {
      "type": "uuid",
      "isPrimary": true
    },
    "description": {
      "type": "string",
      "title": "Название"
    },
    "commentary": {
      "type": "string",
      "title": "Комментарий"
    },
    "tz":{
      "type": "string",
      "title": "Техзадание"
    },
    "positionID": {
      "type": "link",
      "link": "query_position",
      "required": false,
      "title": "Позиции"
    },
    "price": {
      "type": "integer",
      "required": false,
      "title": "Цена"
    },
    "nomenclatureID":{
      "type": "link",
      "link": "product",
      "title": "Номенклатура"
    },
    "deliveryTime": {
      "type": "integer",
      "required": false,
      "title": "Срок доставки"
    },
    "supplier": {
      "type": "link",
      "link": "supplier",
      "title": "Поставщик"
    }
  }
}