{
  "name": "stages",
  "description": "Этапы",
  "common": "scheme",
  "fields": {
    "qid": {
      "type": "link",
      "link": "query_position",
      "required": true,
      "title": "Позиция"
    },
    "description": {
      "type": "string",
      "title": "Название"
    },
    "commentary": {
      "type": "string",
      "title": "Комментарий к заявке"
    },
    "tz": {
      "type": "string",
      "title": "Техзадание"
    },
    "productID": {
      "type": "link",
      "link": "product",
      "title": "Номенклатура"
    },
    "nomGroup": {
      "type": "link",
      "link": "product",
      "title": "Номенклатурная группа"
    },
    "stockID": {
      "type": "link",
      "link": "stock",
      "title": "Склад"
    },
    "organizationID": {
      "type": "link",
      "link": "organization",
      "title": "Организация"
    },
    "initiatorID": {
      "type": "link",
      "link": "initiator",
      "title": "Тот, кто создал заявку"
    },
    "quantity": {
      "type": "integer",
      "title": "Количество"
    }
  },
  "stages": {
    "stages_nomControl": {
      "unique": {
        "qid": "positionID"
      },
      "auto": true
    },
    "stages_supSelection": {
      "unique": {
        "qid": "positionID"
      }
    },
    "stages_procurementCommission": {
      "unique": {
        "qid": "positionID"
      }
    },
    "stages_billBinding": {
      "unique": {
        "qid": "positionID"
      }
    },
    "stages_acceptance": {
      "unique": {
        "qid": "positionID"
      },
      "last": true
    }
  },
  "relations": [
    {
      "comment": "Переход со номенклатурного контроля на подбор поставщиков, если номенклатура заполнена",
      "from": "stages_nomControl",
      "to": "stages_supSelection",
      "type": "post",
      "relation": {
        "fields": {
          "old.records.fields.positionID": "values.positionID",
          "old.records.fields.description": "values.description",
          "old.records.fields.commentary": "values.commentary",
          "old.records.fields.nomenclatureID": "values.nomenclatureID",
          "old.records.fields.quantity": "values.quantity"
        },
        "behavior": {},
        "priority": "first",
        "condition": {
          "comparisons": {
            "hasNom": {
              "left": {
                "type": "field",
                "value": "old.records.fields.nomenclatureID"
              },
              "right": {
                "type": "value",
                "value": ""
              },
              "sign": "unEqual"
            }
          },
          "tree": {
            "and": [
              "hasNom"
            ]
          }
        }
      }
    },
    {
      "comment": "Переход с подбора поставщиков на закупочную комиссию если поставщиков указано как минимум 1",
      "from": "stages_supSelection",
      "to": "stages_procurementCommission",
      "type": "uber",
      "relation": {
        "fields": {
          "old.records.fields.positionID": "values.positionID",
          "old.records.fields.commentary": "values.commentary",
          "old.records.fields.nomenclatureID": "values.nomenclatureID",
          "old.records.fields.quantity": "values.quantity",
          "old.records.refs.stages_supSelection_suppliers.fields.description": "values.refs.stages_procurementCommission_votes.description",
          "old.records.refs.stages_supSelection_suppliers.fields.supplier": "values.refs.stages_procurementCommission_votes.supplier",
          "old.records.refs.stages_supSelection_suppliers.fields.commentary": "values.refs.stages_procurementCommission_votes.commentary",
          "old.records.refs.stages_supSelection_suppliers.fields.price": "values.refs.stages_procurementCommission_votes.price",
          "old.records.refs.stages_supSelection_suppliers.fields.deliveryTime": "values.refs.stages_procurementCommission_votes.deliveryTime"
        },
        "priority": "first",
        "condition": {
          "comparisons": {
            "noPrice": {
              "left": {
                "type": "field",
                "value": "old.records.refs.stages_supSelection_suppliers.fields.price"
              },
              "right": {
                "type": "value",
                "value": ""
              },
              "sign": "equal"
            },
            "noDeliveryTime": {
              "left": {
                "type": "field",
                "value": "old.records.refs.stages_supSelection_suppliers.fields.deliveryTime"
              },
              "right": {
                "type": "value",
                "value": ""
              },
              "sign": "equal"
            }
          },
          "tree": {
            "or": [
              "noPrice",
              "noDeliveryTime"
            ]
          },
          "errorText": "Заполните цену и срок доставки."
        },
        "behavior": {
          "checkMinQuantity": {
            "stages_offerAnalysis_offers": 1
          }
        }
      }
    },
    {
      "comment": "Переход с закупочной комиссии на привязку счетов, если за поставщика проголосовали",
      "from": "stages_procurementCommission",
      "to": "stages_billBinding",
      "type": "post",
      "relation": {
        "fields": {
          "old.records.fields.positionID": "values.positionID",
          "old.records.fields.commentary": "values.commentary",
          "old.records.fields.nomenclatureID": "values.productID",
          "old.records.fields.quantity": "values.quantity",
          "old.records.refs.stages_procurementCommission_votes.fields.supplier": "values.supplier",
          "old.records.refs.stages_procurementCommission_votes.fields.price": "values.price",
          "old.records.refs.stages_procurementCommission_votes.fields.deliveryTime": "values.deliveryTime"
        },
        "priority": "first",
        "behavior": {},
        "condition": {
          "comparisons": {
            "hasVote": {
              "left": {
                "type": "field",
                "value": "old.records.refs.stages_procurementCommission_votes.fields.vote"
              },
              "right": {
                "type": "value",
                "value": true
              },
              "sign": "equal"
            }
          },
          "tree": {
            "and": [
              "hasVote"
            ]
          }
        }
      }
    },
    {
      "comment": "Переход с привязки счетов на приёмку товара, если документ со счётом привязан",
      "from": "stages_billBinding",
      "to": "stages_acceptance",
      "type": "post",
      "relation": {
        "fields": {
          "old.records.fields.positionID": "values.positionID",
          "old.records.fields.commentary": "values.commentary",
          "old.records.fields.productID": "values.productID",
          "old.records.fields.supplier": "values.supplier",
          "old.records.fields.price": "values.price",
          "old.records.fields.deliveryTime": "values.deliveryTime",
          "old.records.fields.bill": "values.bill",
          "old.records.fields.quantity": "values.quantity"
        },
        "condition": {
          "comparisons": {
            "hasBill": {
              "left": {
                "type": "field",
                "value": "old.records.fields.bill"
              },
              "right": {
                "type": "value",
                "value": ""
              },
              "sign": "unEqual"
            }
          },
          "tree": {
            "and": [
              "hasBill"
            ]
          }
        }
      }
    }
  ],
  "input": {
    "stages_nomControl": {
      "comment": "Начальный этап - номенклатурный контроль, туда попадают позиции, у которых указано ТЗ, но не указана номенклатура",
      "relation": {
        "fields": {
          "values.qid": "values.positionID",
          "values.commentary": "values.commentary",
          "values.description": "values.description",
          "values.tz": "values.tz",
          "values.quantity": "values.quantity"
        },
        "behavior": {
          "pullOut": true
        },
        "condition": {
          "comparisons": {
            "noNom": {
              "left": {
                "type": "field",
                "value": "values.productID"
              },
              "right": {
                "type": "value",
                "value": ""
              },
              "sign": "equal"
            },
            "hasTz": {
              "left": {
                "type": "field",
                "value": "values.tz"
              },
              "right": {
                "type": "value",
                "value": ""
              },
              "sign": "unEqual"
            }
          },
          "tree": {
            "and": [
              "noNom",
              "hasTz"
            ]
          }
        }
      }
    },
    "stages_supSelection": {
      "relation": {
        "fields": {
          "values.qid": "values.positionID",
          "values.commentary": "values.commentary",
          "values.description": "values.description",
          "values.productID": "values.nomenclatureID",
          "values.quantity": "values.quantity"
        },
        "behavior": {
          "pullOut": true
        },
        "condition": {
          "comparisons": {
            "hasNom": {
              "left": {
                "type": "field",
                "value": "values.productID"
              },
              "right": {
                "type": "value",
                "value": ""
              },
              "sign": "unEqual"
            }
          },
          "tree": {
            "and": [
              "hasNom"
            ]
          }
        }
      }
    }
  },
  "output": {
    "stages_acceptance": {
      "object": "stages",
      "method": "update",
      "relation": {
        "behavior": {},
        "fields": {
          "filter.all.posID": "filter.all.qid"
        },
        "direct": {
          "values": [
            {
              "workOut": true
            }
          ]
        }
      }
    }
  }
}