{
  "name": "stock",
  "description" : "Склад",
  "common": "reference1C",
  "fields": {
    "ID": {
      "type": "uuid",
      "isPrimary": true,
      "readonly": true
    },
    "description": {
      "type": "string",
      "required": true,
      "title": "Описание"
    },
    "organizationID": {
      "type": "link",
      "link": "organization",
      "required": true,
      "title": "Организация"
    },
    "subdivisionID": {
      "type": "link",
      "link": "subdivision",
      "required": true,
      "title": "Подразделение"
    },
    "parentID": {
      "type": "link",
      "link": "stock",
      "required": true,
      "title": "Основной склад"
    },
    "commentary": {
      "type": "string",
      "required": true,
      "title": "Комментарий"
    }
  },
  "methods": {
    "sync": {
      "description": "Синхронизировать.",
      "type": "text",
      "permanentParameters": {
        "fields": [
          "organizationID.externalCode",
          "subdivisionID.externalCode"
        ]
      },
      "parameters": [
        {
          "name": "fields",
          "type": "object",
          "description": "Список доп.полей"
        },
        {
          "description": "Информация о связи объектов (для восстановления взаимосвязи полей в списках filter)",
          "name": "objInfo",
          "type": "object"
        }
      ]
    }
  },
  "configFor1C": {
    "fields1C": ["УникальныйИдентификатор", "Наименование", "Комментарий", "ПодразделениеОрганизации", "Организация", "Родитель"],
    "fieldsSupply": ["externalCode", "description", "commentary", "subdivisionID", "organizationID", "parentID"],
    "reference1C": "Склады",
    "fieldsPriority": ["description"],
    "dependencyFields": ["organizationID", "subdivisionID"],
    "hieracaclyField": "parentID"
  }
}