{
  "name": "subdivision",
  "description": "Подразделение",
  "common": "reference1C",
  "fields":{
    "ID": {
      "type": "uuid",
      "isPrimary": true,
      "readonly": true
    },
    "description":{
      "type": "string",
      "required": true,
      "title": "Наименование"
    },
    "organizationID":{
      "type":"link",
      "link": "organization",
      "title":"Организация"
    },
    "parentID":{
      "type":"link",
      "link": "subdivision",
      "title":"Основное подразделение"
    }
  },
  "methods": {
    "sync": {
      "description": "Синхронизировать.",
      "type": "text",
      "permanentParameters": {
        "fields": [
          "organizationID.externalCode"
        ]
      },
      "parameters": [
        {
          "name": "fields",
          "type": "object",
          "description": "Список доп.полей"
        },
        {
          "description": "Информация о связи объектов (для восстановления взаимосвязи полей в списках filter)",
          "name": "objInfo",
          "type": "object"
        }
      ]
    }
  },
  "configFor1C": {
    "fields1C": ["УникальныйИдентификатор", "Наименование", "Владелец", "Родитель"],
    "fieldsSupply": ["externalCode", "description", "organizationID", "parentID"],
    "reference1C": "ПодразделенияОрганизаций",
    "fieldsPriority": ["description"],
    "dependencyFields": ["organizationID"],
    "hieracaclyField": "parentID"
  }
}