{
  "name": "supplier_contacts",
  "description" : "Контакты поставщика",
  "common": "reference",
  "fields": {
    "ID": {
      "type": "uuid",
      "isPrimary": true,
      "readonly": true
    },
    "description": {
      "type": "string",
      "required": false,
      "title": "ФИО"
    },
    "range": {
      "type": "string",
      "required": true,
      "title": "Должность"
    },
    "phone":{
      "type": "string",
      "title": "Телефон"
    },
    "email":{
      "type": "string",
      "title": "Эл.почта"
    },
    "mainContact":{
      "type": "boolean",
      "title": "Основной контакт"
    },
    "supplier": {
      "type": "ref",
      "ref": "supplier"
    }
  }
}