{
  "name": "unit",
  "description": "Единица измерения",
  "common": "reference1C",
  "fields":{
    "ID": {
      "type": "uuid",
      "isPrimary": true,
      "readonly": true
    },
    "description":{
      "type": "string",
      "required": true,
      "title": "Название единицы измерения"
    },
    "full_name":{
      "type": "string",
      "required": true,
      "title": "Полное название"
    },
    "code":{
      "type": "string",
      "title": "Доп.код"
    }
  },
  "methods": {
    "sync":{
      "description": "Синхронизировать.",
      "type": "text"
    }
  },
  "configFor1C": {
    "fields1C": ["УникальныйИдентификатор", "Код", "Наименование", "НаименованиеПолное"],
    "fieldsSupply": ["externalCode", "code", "description", "full_name"],
    "reference1C": "КлассификаторЕдиницИзмерения",
    "fieldsPriority": ["code", "description", "full_name"],
    "dependencyFields": []
  }
}