{
  "name": "supply",
  "common": "objectView",
  "description": "Снабжение",
  "methods": {},
  "objects": {
    "query": {
      "utility": "gag",
      "uObject": "query_table",
      "fields": {
        "description": "query_name__string"
      }
    },
    "outlayDocument": {
      "utility": "gag",
      "uObject": "outlayDocument_table"
    },
    "outlayDocument_position": {
      "utility": "gag",
      "uObject": "outlayDocument_position_table"
    },
    "product": {
      "utility": "gag",
      "uObject": "product_table"
    },
    "recipient": {
      "utility": "gag",
      "uObject": "recipient_table"
    },
    "maker": {
      "utility": "gag",
      "uObject": "maker_table"
    },
    "organization": {
      "utility": "gag",
      "uObject": "organization_table"
    },
    "subdivision": {
      "utility": "gag",
      "uObject": "subdivision_table"
    },
    "initiator": {
      "utility": "gag",
      "uObject": "initiator_table"
    },
    "stock": {
      "utility": "gag",
      "uObject": "stock_table"
    },
    "supplier": {
      "utility": "gag",
      "uObject": "supplier_table"
    },
    "unit": {
      "utility": "gag",
      "uObject": "unit_table"
    },
    "billFiles": {
      "utility": "gag",
      "uObject": "billFiles_table"
    },
    "emailSender": {
      "utility": "gag",
      "uObject": "emailSender_table"
    },
    "stages": {
      "utility": "gag",
      "uObject": "stages_table"
    },
    "urgency": {
      "utility": "gag",
      "uObject": "urgency_table"
    },
    "organization_contacts": {
      "utility": "gag",
      "uObject": "organization_contacts_table"
    },
    "supplier_contacts": {
      "utility": "gag",
      "uObject": "supplier_contacts_table"
    },
    "stages_nomControl": {
      "utility": "gag",
      "uObject": "nomControl_table"
    },
    "stages_supSelection": {
      "utility": "gag",
      "uObject": "supSelection_table"
    },
    "stages_supSelection_suppliers": {
      "utility": "gag",
      "uObject": "stages_supSelection_suppliers_table"
    },
    "stages_procurementCommission": {
      "utility": "gag",
      "uObject": "stages_procurementCommission_table"
    },
    "stages_procurementCommission_votes": {
      "utility": "gag",
      "uObject": "stages_procurementCommission_votes_table"
    },
    "stages_billBinding":{
      "utility": "gag",
      "uObject": "stages_billBinding_table"
    },
    "stages_acceptance":{
      "utility": "gag",
      "uObject": "stages_acceptance_table"
    },
    "query_position": {
      "utility": "gag",
      "uObject": "position_table"
    },
    "supply_subscriberStorage": {
      "utility": "gag",
      "uObject": "supply_subscriberStorage_table"
    }
  }
}